Step,AgentID,prestige,lastTileKnowledge
0,1,0.0,0.15303494151482788
0,2,0.0,0.006741233622402976
0,3,0.0,0.6164325715789271
0,4,0.0,0.3774904931268255
0,5,0.0,0.36689872664902834
0,6,0.0,0.6921645452015858
0,7,0.0,0.29708927508511473
0,8,0.0,0.7964767004191345
0,9,0.0,0.27104109470421356
0,10,0.0,0.6776937163183409
0,11,0.0,0.3774904931268255
0,12,0.0,0.31524965197197397
0,13,0.0,0.9236939001341384
0,14,0.0,0.9829569110124374
0,15,0.0,0.0705645084008627
0,16,0.0,0.9026866853294307
0,17,0.0,0.9794443735229117
0,18,0.0,0.3378253480391239
0,19,0.0,0.6462724896497378
0,20,0.0,0.9871595253254507
1,1,0.4616182930090558,0.4616182930090558
1,2,0.5695564773837063,0.5695564773837063
1,3,0.612677786728754,0.612677786728754
1,4,0.3625418695990032,0.3625418695990032
1,5,0.7763544501626098,0.7763544501626098
1,6,0.8131820231301937,0.8131820231301937
1,7,0.4246143119627884,0.4246143119627884
1,8,0.7805471664107518,0.7805471664107518
1,9,0.5546606042495098,0.5546606042495098
1,10,0.6508570451521346,0.6508570451521346
1,11,0.36994068326428897,0.36994068326428897
1,12,0.6641398419919741,0.6641398419919741
1,13,0.9052200221314557,0.9052200221314557
1,14,0.9632977727921886,0.9632977727921886
1,15,0.22632751292980272,0.22632751292980272
1,16,0.8846329516228422,0.8846329516228422
1,17,0.9598554860524534,0.9598554860524534
1,18,0.3310688410783414,0.3310688410783414
1,19,0.633347039856743,0.633347039856743
1,20,0.9674163348189416,0.9674163348189416
2,1,0.9140042201579306,0.4523859271488747
2,2,1.1277218252197385,0.5581653478360321
2,3,0.9652359881932041,0.35255820146445016
2,4,0.6675344322685195,0.30499256266951624
2,5,1.5371818113219675,0.7608273611593577
2,6,1.6101004057977835,0.7969183826675899
2,7,0.8407363376863211,0.41612202572353263
2,8,1.5454833894932887,0.7649362230825368
2,9,1.0982279964140294,0.5435673921645195
2,10,1.450297529647222,0.7994404844950875
2,11,1.240955403649421,0.8710147203851321
2,12,1.301979746241066,0.6378399042490919
2,13,1.7923356438202822,0.8871156216888265
2,14,1.9073295901285334,0.9440318173363449
2,15,0.9420291620403475,0.7157016491105448
2,16,1.7515732442132275,0.8669402925903853
2,17,1.9005138623838578,0.9406583763314044
2,18,0.4875730524699017,0.1565042113915603
2,19,1.254027138916351,0.6206800990596082
2,20,1.9154843429415043,0.9480680081225628
3,1,1.6780278112877598,0.7640235911298293
3,2,1.67472386609905,0.5470020408793115
3,3,1.565660219187383,0.6004242309941789
3,4,1.5934253159549572,0.9258908836864377
3,5,2.282792625258138,0.7456108139361705
3,6,2.3910804208120213,0.7809800150142381
3,7,1.3812964903496046,0.5405601526632835
3,8,2.295120888114175,0.7496374986208861
3,9,1.3638482692241587,0.2656202728101293
3,10,2.1015510280499052,0.6512534984026832
3,11,2.0945498296268505,0.8535944259774294
3,12,1.927062852405176,0.62508310616411
3,13,2.6617089530753324,0.86937330925505
3,14,2.8324807711181514,0.925151180989618
3,15,1.6434167781686813,0.7013876161283339
3,16,2.601174730951805,0.8496014867385776
3,17,2.780069977328821,0.8795561149449634
3,18,0.6409471796336308,0.15337412716372908
3,19,1.8622936359947673,0.6082664970784161
3,20,2.8445909909016156,0.9291066479601114
4,1,2.4267709305949925,0.7487431193072327
4,2,2.210785866160775,0.5360620000617252
4,3,2.417646062257332,0.851985843069949
4,4,2.429947853412838,0.8365225374578809
4,5,3.013491222915585,0.730698597657447
4,6,3.1564408355259745,0.7653604147139533
4,7,1.9110454399596224,0.5297489496100178
4,8,3.0297656367626433,0.7346447486484684
4,9,1.6241561365780854,0.2603078673539267
4,10,2.739779456484535,0.6382284284346296
4,11,2.914341916335574,0.8197920867087233
4,12,2.5396442964460038,0.6125814440408278
4,13,3.4790448088870485,0.8173358558117162
4,14,3.739128928487977,0.9066481573698256
4,15,2.3854126021558333,0.7419958239871522
4,16,3.4337841879556112,0.8326094570038061
4,17,3.7019151861335975,0.9218452088047763
4,18,1.579422716109061,0.9384755364754301
4,19,2.4583948031316147,0.5961011671368477
4,20,3.767826780427598,0.9232357895259823
5,1,3.1605391875160804,0.733768256921088
5,2,2.7361266262212656,0.5253407600604907
5,3,3.2358932659417112,0.8182472036843789
5,4,3.233344098387387,0.8033962449745488
5,5,3.729575848619883,0.7160846257042981
5,6,4.066496209178944,0.9100553736529701
5,7,2.4301994105774396,0.5191539706178174
5,8,3.7497174904381425,0.7199518536754991
5,9,2.043167885133778,0.4190117485556925
5,10,3.365243316350472,0.625463859865937
5,11,3.6969150038256995,0.7825730874901257
5,12,3.139974111606015,0.6003298151600113
5,13,4.313990935095599,0.8349461262085499
5,14,4.627644122710406,0.8885151942224291
5,15,3.1125685096632427,0.7271559075074092
5,16,4.249741455819342,0.8159572678637299
5,17,4.605323490762278,0.9034083046286807
5,18,2.3028075335160576,0.7233848174069966
5,19,3.0425739469257254,0.5841791437941107
5,20,4.672597854163061,0.9047710737354626
6,1,3.8796320792987466,0.7190928917826662
6,2,3.4419917677893146,0.7058651415680488
6,3,4.036882404637193,0.8009891386954818
6,4,4.140717164400096,0.907373066012709
6,5,4.431338781810095,0.7017629331902121
6,6,4.958350475358855,0.8918542661799107
6,7,2.9389703017829008,0.508770891205461
6,8,4.392897708565444,0.6431802181273019
6,9,2.298269595140626,0.25510171000684817
6,10,3.97819789901909,0.6129545826686182
6,11,4.463836629566023,0.7669216257403232
6,12,3.923425786411201,0.7834516748051857
6,13,5.11587319470629,0.8018822596106913
6,14,5.498389013048387,0.8707448903379805
6,15,3.8251812990205036,0.712612789357261
6,16,5.049379578325797,0.7996381225064553
6,17,5.4906636292983855,0.885340138536107
6,18,3.222513559261979,0.9197060257459215
6,19,3.6150695078439536,0.5724955609182285
6,20,5.559273506423814,0.8866756522607534
7,1,4.58434311324576,0.7047110339470128
7,2,4.133739606526002,0.6917478387366878
7,3,4.62315014505264,0.5862677404154463
7,4,5.029942769092551,0.8892256046924547
7,5,5.119066456336503,0.6877276745264078
7,6,5.832367656215167,0.8740171808563125
7,7,3.29303684191472,0.35406654013181926
7,8,5.0232143223302,0.6303166137647558
7,9,2.6644768433665327,0.3662072482259068
7,10,4.578893390034336,0.6006954910152459
7,11,5.21541982279154,0.7515831932255167
7,12,4.691208427720283,0.767782641309082
7,13,5.7703790794410965,0.654505884734807
7,14,6.351719005579608,0.8533299925312209
7,15,4.523541832590619,0.6983605335701157
7,16,5.833024938382123,0.7836453600563261
7,17,6.35829696506377,0.8676333357653849
7,18,4.123825464492982,0.9013119052310031
7,19,4.176115157543817,0.5610456496998639
7,20,6.428215645639352,0.8689421392155383
8,1,5.274959926513833,0.6906168132680726
8,2,4.811652488487956,0.677912881961954
8,3,5.197692530659777,0.5745423856071373
8,4,5.901383861691157,0.8714410925986056
8,5,5.793039577372383,0.6739731210358797
8,6,6.688904493454354,0.8565368372391863
8,7,3.640022051243903,0.34698520932918286
8,8,5.640924603819661,0.6177102814894606
8,9,3.023359946627921,0.3588831032613886
8,10,5.331320378517237,0.7524269884829003
8,11,5.951971352152546,0.7365515293610063
8,12,5.428586876433525,0.7373784487132423
8,13,6.5562236938595735,0.7858446144184774
8,14,7.187982398260204,0.8362633926805965
8,15,5.2079351554893325,0.6843933228987135
8,16,6.600997391237323,0.7679724528551995
8,17,7.208577634113848,0.8502806690500773
8,18,5.007111131619365,0.883285667126383
8,19,4.725939894249684,0.5498247367058666
8,20,7.070737650631873,0.6425220049925207
9,1,5.951764403516544,0.6768044770027111
9,2,5.476007112810671,0.6643546243227149
9,3,5.760744068554772,0.5630515378949946
9,4,6.688712181766214,0.7873283200750578
9,5,6.453533235987545,0.6604936586151621
9,6,7.528310593948756,0.8394061004944026
9,7,3.978042999842624,0.338020948598721
9,8,6.50512207578274,0.8641974719630795
9,9,3.375065387824082,0.3517054411961608
9,10,6.039498640661435,0.7081782621441979
9,11,6.673791850926332,0.7218204987737862
9,12,6.151217756172502,0.7226308797389774
9,13,7.326351415989682,0.7701277221301078
9,14,8.007520523087189,0.8195381248269845
9,15,5.878640611930072,0.6707054564407392
9,16,7.353610395035418,0.7526130037980956
9,17,8.041852689782923,0.8332750556690757
9,18,5.984798858662165,0.9776877270427993
9,19,5.264768136221433,0.5388282419717493
9,20,7.700409215524544,0.6296715648926702
10,1,6.615032790979201,0.6632683874626568
10,2,6.127074644646932,0.6510675318362605
10,3,6.312534575691867,0.5517905071370948
10,4,7.460293935439771,0.7715817536735566
10,5,7.100817021430404,0.6472837854428588
10,6,8.35092857243327,0.8226179784845145
10,7,4.3093035294693705,0.33126052962674657
10,8,7.352035598306558,0.8469135225238179
10,9,3.8466611104759294,0.47159572265184757
10,10,6.7196330436247225,0.6801344029632876
10,11,7.381175939724642,0.7073840887983105
10,12,6.845232453073816,0.6940146969013139
10,13,8.081076583677188,0.7547251676875056
10,14,8.810667885417633,0.8031473623304448
10,15,6.535931959241996,0.6572913473119244
10,16,8.053523944779661,0.6999135497442432
10,17,8.88760330058885,0.8457506108059265
10,18,6.725615044261369,0.740816185599204
10,19,5.792819813353748,0.5280516771323143
10,20,8.578447229528047,0.878038014003504
11,1,7.428408538011075,0.8133757470318747
11,2,6.641908589506213,0.5148339448592809
11,3,6.85328927268622,0.5407546969943529
11,4,8.216444054039856,0.7561501186000855
11,5,7.735155131164406,0.6343381097340016
11,6,9.157094191348094,0.8061656189148242
11,7,4.633938848503582,0.3246353190342116
11,8,8.1820108503799,0.8299752520733416
11,9,4.30882491867474,0.4621638081988106
11,10,7.386164758528745,0.6665317149040219
11,11,8.122203055952726,0.7410271162280838
11,12,7.498433533679758,0.6532010806059414
11,13,8.669492330051483,0.5884157463742953
11,14,9.597752300501469,0.7870844150838359
11,15,7.223291823047763,0.6873598638057672
11,16,8.739439223529018,0.6859152787493583
11,17,9.716438899178659,0.8288355985898079
11,18,7.451614906148589,0.72599986188722
11,19,6.310310456943416,0.517490643589668
11,20,9.438924483251482,0.8604772537234339
12,1,8.209574605460487,0.7811660674494124
12,2,7.146445855468308,0.5045372659620952
12,3,7.383228875740685,0.5299396030544657
12,4,9.07045632478649,0.8540122707466334
12,5,8.356806478703728,0.6216513475393216
12,6,9.947136497884621,0.7900423065365277
12,7,5.041738433712644,0.40779958520906195
12,8,8.979119082471136,0.7971082320912372
12,9,4.761745450709575,0.45292053203483434
12,10,8.026301817522567,0.6401370589938226
12,11,8.848409629856247,0.7262065739035222
12,12,8.08675675253657,0.588323218856811
12,13,9.246139761498293,0.5766474314468094
12,14,10.369095027283628,0.7713427267821591
12,15,7.896904489577414,0.6736126665296518
12,16,9.476999967251151,0.7375607437221336
12,17,10.52869778579667,0.8122588866180117
12,18,8.163094770798065,0.7114798646494755
12,19,6.802568925512656,0.49225846856924016
12,20,10.282192191900446,0.8432677086489652
13,1,8.975117351560911,0.7655427461004242
13,2,7.640892376111161,0.4944465206428533
13,3,7.902569686734061,0.5193408109933764
13,4,9.90738835011819,0.8369320253317007
13,5,8.966024799292263,0.6092183205885352
13,6,10.721377958290418,0.7742414604057972
13,7,5.441382027217525,0.3996435935048807
13,8,9.729350973649552,0.7502318911784157
13,9,5.2056075721037125,0.44386212139413767
13,10,8.591327436912648,0.5650256193900813
13,11,9.5600920722817,0.7116824424254518
13,12,8.663313507016245,0.5765567544796748
13,13,9.811254244316167,0.5651144828178732
13,14,11.125010899530144,0.7559158722465159
13,15,8.557044902776473,0.6601404131990587
13,16,10.199809496098842,0.722809528847691
13,17,11.345307340352363,0.8166095545556942
13,18,8.86034503815455,0.697250267356486
13,19,7.284982224710511,0.48241329919785536
13,20,11.108594546376432,0.8264023544759859
14,1,9.695640059848662,0.7205227082877504
14,2,8.445565447997097,0.8046730718859362
14,3,8.41152368150757,0.5089539947735088
14,4,10.727581734943257,0.8201933848250668
14,5,9.563058753469027,0.5970339541767645
14,6,11.480134589488099,0.7587566311976812
14,7,5.833032748852308,0.3916507216347831
14,8,10.464578227004399,0.7352272533548474
14,9,5.55027890447595,0.34467133237223757
14,10,9.133978041774881,0.5426506048622342
14,11,10.257540865858642,0.6974487935769427
14,12,9.217038614018524,0.5537251070022797
14,13,10.550884908649923,0.7396306643337555
14,14,11.865808454331729,0.7407975548015856
14,15,9.20119042314216,0.644145520365686
14,16,10.872006469273213,0.6721969731743711
14,17,12.145584703816944,0.8002773634645802
14,18,9.543650300163907,0.6833052620093563
14,19,8.192022747994587,0.9070405232840757
14,20,12.084453483689936,0.9758589373135039
15,1,10.401752313970658,0.7061122541219954
15,2,9.234145058445314,0.7885796104482174
15,3,9.196493037429141,0.7849693559215721
15,4,11.41108155264866,0.6834998177054038
15,5,10.148152028562256,0.5850932750932292
15,6,12.223716088061826,0.7435814985737276
15,7,6.216850456054396,0.3838177072020874
15,8,11.381935366516446,0.9173571395120468
15,9,5.875241775972156,0.32496287149620634
15,10,9.354073687824847,0.22009564604996645
15,11,10.927370687209939,0.6698298213512958
15,12,9.748836206783514,0.5317975927649895
15,13,11.104697101811439,0.5538121931615158
15,14,12.591790058037283,0.7259816037055539
15,15,9.832453033100531,0.6312626099583722
15,16,11.530759502984097,0.6587530337108837
15,17,12.929856520012233,0.7842718161952886
15,18,10.213289456933076,0.6696391567691691
15,19,9.080922460812982,0.8888997128183942
15,20,13.04079524225717,0.9563417585672338
16,1,11.051755333684062,0.6500030197134037
16,2,10.006953076684567,0.772808018239253
16,3,9.965763006232281,0.7692699688031407
16,4,12.06751477757293,0.6564332249242698
16,5,10.72154343815362,0.5733914095913646
16,6,12.95242595666408,0.7287098686022531
16,7,6.5929918091124415,0.37614135305804564
16,8,12.280945363238251,0.8990099967218058
16,9,6.1937053900384385,0.3184636140662822
16,10,9.942755269019788,0.588681581194941
16,11,11.570675247635723,0.6433045604257844
16,12,10.269997847693203,0.5211616409096897
16,13,11.647433051109724,0.5427359492982854
16,14,13.303252029668727,0.7114619716314428
16,15,10.451090390859736,0.6186373577592048
16,16,12.239112841254833,0.7083533382707372
16,17,13.725870228897884,0.7960137088856515
16,18,10.869535830566862,0.6562463736337857
16,19,9.952044179375008,0.8711217185620262
16,20,13.850669549643635,0.8098743073864662
17,1,11.688758293003197,0.6370029593191356
17,2,10.764304934559036,0.757351857874468
17,3,10.719647575659359,0.7538845694270778
17,4,12.871304294701496,0.8037895171285654
17,5,11.283467019553157,0.5619235813995372
17,6,13.666561627894287,0.7141356712302079
17,7,6.9111344217659685,0.3181426126535274
17,8,13.161975160025621,0.8810297967873697
17,9,6.501710714294243,0.30800532425580485
17,10,10.51966321859083,0.5769079495710421
17,11,12.263911654658067,0.6932364070223442
17,12,10.7807362557847,0.510738408091496
17,13,12.179314281422045,0.5318812303123197
17,14,14.00048476186754,0.6972327321988139
17,15,11.057355001463756,0.6062646106040207
17,16,12.933299112760157,0.6941862715053224
17,17,14.505963663605822,0.7800934347079385
17,18,11.827669803068806,0.9581339725019433
17,19,10.805743463565793,0.8536992841907857
17,20,14.787884473039524,0.9372149233958891
18,1,12.132096501609094,0.44333820860589723
18,2,11.506509755276014,0.7422048207169787
18,3,11.458454453697895,0.7388068780385363
18,4,13.659018021487489,0.787713726785994
18,5,11.834152129324703,0.5506851097715465
18,6,14.416614834313961,0.7500532064196742
18,7,7.591436967841185,0.680302546075216
18,8,14.025384360877243,0.8634092008516223
18,9,6.803555932064932,0.30184521777068873
18,10,11.085033009170452,0.5653697905796212
18,11,12.943283333539965,0.6793716788818973
18,12,11.281259895714365,0.500523639929666
18,13,12.904152332469124,0.7248380510470803
18,14,14.504116788526304,0.5036320266587639
18,15,11.704292606398834,0.6469376049350775
18,16,13.578877085796822,0.645577973036666
18,17,15.270455229619602,0.7644915660137797
18,18,12.766641096120711,0.9389712930519044
18,19,11.642368762072763,0.83662529850697
18,20,15.706355097967496,0.9184706249279713
19,1,12.566567946042873,0.4344714444337793
19,2,12.233870479578652,0.7273607243026391
19,3,12.18248519417566,0.7240307404777655
19,4,14.430977473737762,0.7719594522502742
19,5,12.373823536900819,0.5396714075761155
19,6,15.116467792119565,0.6998529578056037
19,7,8.258133462994897,0.6666964951537117
19,8,14.871525377711833,0.8461410168345899
19,9,7.409675796512094,0.6061198644471616
19,10,11.63909540393848,0.5540623947680288
19,11,13.609067578844224,0.6657842453042594
19,12,11.771773062845439,0.4905131671310726
19,13,13.614493622495262,0.7103412900261387
19,14,15.368565190847567,0.8644484023212642
19,15,12.33829145923521,0.6339988528363759
19,16,14.211543499372755,0.6326664135759327
19,17,16.019656964313107,0.749201734693504
19,18,13.686832963311577,0.9201918671908663
19,19,12.462261554609594,0.8198927925368306
19,20,16.606456310396908,0.9001012124294119
20,1,12.992349961587976,0.4257820155451037
20,2,12.946683989395238,0.7128135098165863
20,3,12.89203531984387,0.7095501256682102
20,4,15.187497736943032,0.7565202632052687
20,5,12.902701516325411,0.5288779794245932
20,6,15.802323690769056,0.6858558986494917
20,7,8.911496028245534,0.6533625652506374
20,8,15.700743574209731,0.8292181964978981
20,9,8.003673263670311,0.5939974671582183
20,10,12.182076550811148,0.5429811468726682
20,11,14.261536139242398,0.6524685603981742
20,12,11.987466795974406,0.2156937331289671
20,13,14.310628086720877,0.6961344642256159
20,14,16.215724625122405,0.8471594342748389
20,15,12.944739505639989,0.6064480464047791
20,16,14.83155658467717,0.620013085304414
20,17,16.75387466431274,0.7342176999996339
20,18,14.588620993158626,0.901788029847049
20,19,13.009478819673014,0.54721726506342
20,20,17.488555498577732,0.8820991881808237
21,1,13.409616336822179,0.4172663752342016
21,2,13.645241229015493,0.6985572396202546
21,3,13.587394442998717,0.6953591231548459
21,4,15.928887594884195,0.7413898579411633
21,5,13.421001936161513,0.5183004198361014
21,6,16.537375833060338,0.7350521422912807
21,7,9.519108851843859,0.6076128235983257
21,8,16.39273358324929,0.6919900090395555
21,9,8.7092260802723,0.7055528166019891
21,10,12.70355564426766,0.5214790934565106
21,11,14.900955328432609,0.6394191891902108
21,12,12.519588319909621,0.5321215239352148
21,13,14.992839861661981,0.6822117749411035
21,14,17.045940870711746,0.830216245589342
21,15,13.539058591116673,0.5943190854766836
21,16,15.427017151803529,0.5954605671263592
21,17,17.47340801031238,0.7195333459996412
21,18,15.472373262408734,0.883752269250108
21,19,13.812973756359108,0.803494936686094
21,20,18.35301270299494,0.8644572044172072
22,1,13.818537384551696,0.4089210477295176
22,2,14.329827323843343,0.6845860948278495
22,3,14.268846383690466,0.681451940691749
22,4,16.655449655666533,0.72656206078234
22,5,13.928936347600892,0.5079344114393793
22,6,17.257726932505793,0.7203510994454551
22,7,10.102660207627691,0.583551355783832
22,8,17.070883792108052,0.6781502088587644
22,9,9.291343598087353,0.5821175178150539
22,10,13.21460515585504,0.5110495115873803
22,11,15.527586133839016,0.6266308054064066
22,12,13.020416841265254,0.5008285213556327
22,13,15.661407401104263,0.6685675394422814
22,14,17.8595527913893,0.8136119206775552
22,15,14.121491294883823,0.5824327037671498
22,16,16.067312465749154,0.6402953139456247
22,17,18.241994390183763,0.7685863798713829
22,18,16.33845048627384,0.8660772238651058
22,19,14.60039879431148,0.7874250379523721
22,20,19.2001807633238,0.847168060328863
23,1,14.219280011326624,0.4007426267749272
23,2,14.81438491407334,0.4845575902299962
23,3,14.910938648570832,0.6420922648803671
23,4,17.404907647294056,0.7494579916275218
23,5,14.426712070811485,0.49777572321059177
23,6,17.96367100996234,0.705944077456546
23,7,10.674540536295847,0.5718803286681553
23,8,17.73547099678964,0.6645872046815892
23,9,9.861818765546106,0.5704751674587528
23,10,13.70541710678356,0.49081195092852004
23,11,16.141684323137294,0.6140981892982784
23,12,13.501412553175204,0.4809957119099496
23,13,16.316603589757698,0.6551961886534358
23,14,18.656892473653304,0.7973396822640041
23,15,14.69227534457563,0.5707840496918068
23,16,16.694801873415866,0.6274894076667121
23,17,19.103959382829828,0.8619649926460642
23,18,17.187206165661642,0.8487556793878036
23,19,15.372075331504805,0.7716765371933246
23,20,20.030405462446087,0.8302246991222858
24,1,14.612007785566053,0.3927277742394287
24,2,15.289251352498736,0.4748664384253963
24,3,15.552354415610942,0.6414157670401108
24,4,18.139376479089027,0.7344688317949714
24,5,14.914532279557864,0.48782020874637994
24,6,18.641992264259894,0.6783212542975541
24,7,11.23498325839064,0.5604427220947922
24,8,18.386766457377597,0.6512954605879574
24,9,10.420884429655684,0.5590656641095777
24,10,14.176792904455311,0.4713757976717506
24,11,16.60388058251335,0.4621962593760576
24,12,14.12874687098915,0.6273343178139461
24,13,16.83784719546377,0.5212436057060733
24,14,19.43828536227203,0.781392888618724
24,15,15.313594220355279,0.6213188757796484
24,16,17.244035741068764,0.5492338676528963
24,17,19.948685075622972,0.8447256927931429
24,18,18.0528261194455,0.8656199537838554
24,19,16.128318337954262,0.7562430064494581
24,20,20.844025667585928,0.8136202051398401
25,1,15.236270685698805,0.6242629001327529
25,2,15.754620462155625,0.4653691096568883
25,3,16.180941867310253,0.6285874516993086
25,4,18.928901594145863,0.7895251150568363
25,5,15.392596084129316,0.4780638045714523
25,6,19.443395841976265,0.8014035777163702
25,7,11.773232448690479,0.5382491902998383
25,8,19.025036008753794,0.6382695513761982
25,9,10.968768780483071,0.5478843508273862
25,10,14.638741186173627,0.4619482817183156
25,11,17.05683291670189,0.4529523341885365
25,12,14.743534502446817,0.6147876314576671
25,13,17.44195111561112,0.6041039201473485
25,14,20.20405039311838,0.7657650308463495
25,15,15.922486718619334,0.6088924982640554
25,16,17.771519947562606,0.5274842064938415
25,17,20.776516254560253,0.8278311789372801
25,18,18.901133674153677,0.8483075547081782
25,19,16.869436484274733,0.7411181463204689
25,20,21.669294550706304,0.8252688831203772
26,1,15.621143904453445,0.3848732187546401
26,2,16.210682189619376,0.45606172746375057
26,3,16.869081497342368,0.6881396300321152
26,4,19.798773589867604,0.8698719957217397
26,5,15.86109861260934,0.4685025284800233
26,6,20.22877134813831,0.7853755061620428
26,7,12.388172068203856,0.6149396195133778
26,8,19.837669841321734,0.8126338325679401
26,9,11.50569544429391,0.5369266638108384
26,10,15.091450502257576,0.45270931608394926
26,11,17.500726204206654,0.44389328750476575
26,12,15.346026381275331,0.6024918788285137
26,13,18.03397295735552,0.5920218417444015
26,14,20.954500123347803,0.7504497302294225
26,15,16.519201366918107,0.5967146482987743
26,16,18.28845446992657,0.5169345223639646
26,17,21.587790809918786,0.8112745553585344
26,18,19.610050795212533,0.7089171210588566
26,19,17.595732267668794,0.7262957833940595
26,20,22.478058056164272,0.8087635054579696
27,1,15.998319658832992,0.37717575437954726
27,2,16.88157656255067,0.6708943729312925
27,3,17.54345833477384,0.6743768374314729
27,4,20.65124814567491,0.8524745558073049
27,5,16.320231090519762,0.4591324779104228
27,6,20.99843934417711,0.7696679960388019
27,7,12.990812895326966,0.6026408271231103
27,8,20.634050997238315,0.7963811559165813
27,9,12.03188357482853,0.5261881305346217
27,10,15.68189254350952,0.5904420412519434
27,11,17.935741625961324,0.43501542175467045
27,12,15.924659581702237,0.5786332004269046
27,13,18.614154362265033,0.5801814049095135
27,14,21.689940858972637,0.735440735624834
27,15,17.103981722250907,0.5847803553327988
27,16,18.795050301843254,0.5065958319166853
27,17,22.38283987417015,0.7950490642513637
27,18,20.44139219882655,0.8313414036140147
27,19,18.132005187430945,0.5362729197621516
27,20,23.27064629151308,0.7925882353488102
28,1,16.36795189812495,0.3696322392919563
28,2,17.539053048023337,0.6574764854726667
28,3,18.13511565530987,0.5916573205360282
28,4,21.486673210366067,0.8354250646911588
28,5,16.770180918871976,0.4499498283522143
28,6,21.752713980295137,0.7542746361180258
28,7,13.581400905907614,0.590588010580648
28,8,21.414504530036567,0.7804535327982497
28,9,12.547547942752459,0.5156643679239292
28,10,16.248953079927887,0.5670605364183665
28,11,18.362056739280902,0.42631511331957705
28,12,16.29809532401062,0.37343574230838344
28,13,19.182732139076357,0.5685777768113233
28,14,22.410672779884976,0.7207319209123373
28,15,17.67706647047705,0.5730847482261429
28,16,19.291514217121605,0.4964639152783516
28,17,23.161987957136486,0.7791480829663364
28,18,21.256106774368284,0.8147145755417343
28,19,18.657552648797854,0.5255474613669086
28,20,24.047382762154914,0.7767364706418339
29,1,16.730191492631068,0.3622395945061172
29,2,18.18338000378655,0.6443269557632133
29,3,18.714939829435178,0.5798241741253076
29,4,22.3053897737634,0.8187165633973357
29,5,17.129741670988025,0.35956075211604777
29,6,22.491903123690804,0.7391891433956653
29,7,14.067935542880399,0.48653463697278454
29,8,22.179348992178852,0.7648444621422846
29,9,12.786822183565976,0.2392742408135163
29,10,16.692608209690157,0.4436551297622703
29,11,18.779845550334088,0.4177888110531855
29,12,16.664062351472836,0.36596702746221577
29,13,19.99818100394316,0.8154488648668006
29,14,23.116990062379067,0.7063172824940905
29,15,18.27120578886899,0.5941393183919402
29,16,19.768318161354934,0.47680394423332884
29,17,23.925553078443496,0.7635651213070097
29,18,22.087887340168333,0.8317805658000476
29,19,19.172589160937424,0.5150365121395704
29,20,24.84473056319196,0.7973478010370433
30,1,17.131587675882752,0.4013961832516844
30,2,18.814820420434497,0.631440416647949
30,3,19.283167520077978,0.5682276906428014
30,4,23.107732005892792,0.8023422321293889
30,5,17.482111208061752,0.3523695370737268
30,6,23.216308484218555,0.7244053605277521
30,7,14.279484471231626,0.21154892835122777
30,8,22.92889656507829,0.749547572899439
30,9,12.863076873488854,0.07625468992287787
30,10,17.12739023685718,0.43478202716702485
30,11,19.18927858516621,0.4094330348321218
30,12,17.022710038385807,0.35864768691297144
30,13,20.797320891512623,0.7991398875694645
30,14,23.809180999223276,0.6921909368442087
30,15,18.85346232089309,0.5822565320241014
30,16,20.34709441172397,0.578776250369035
30,17,24.673846897324367,0.7482938188808695
30,18,22.90303229465238,0.8151449544840466
30,19,19.884359028663603,0.7117698677261783
30,20,25.626131408208263,0.7814008450163024
31,1,17.470876307839127,0.339288631956375
31,2,19.261760913348972,0.4469404929144756
31,3,19.840030656907924,0.5568631368299454
31,4,23.894027393379595,0.7862953874868012
31,5,17.923062039846922,0.44095083178517
31,6,23.881063313430158,0.664754829211603
31,7,14.546381369813515,0.26689689858188975
31,8,23.66345318651974,0.7345566214414502
31,9,13.0975656294861,0.23448875599724597
31,10,17.553476623480865,0.42608638662368437
31,11,19.59052295930169,0.40124437413547936
31,12,17.374184771560518,0.351474733174712
31,13,21.5804779813307,0.7831570898180752
31,14,24.4875281173306,0.6783471181073245
31,15,19.42407372227671,0.5706114013836194
31,16,20.914295137085624,0.5672007253616543
31,17,25.40717483982762,0.7333279425032522
31,18,23.701874350046747,0.7988420553943656
31,19,20.581893499035257,0.6975344703716547
31,20,26.419808229447,0.7936768212387368
32,1,17.803379167156375,0.3325028593172475
32,2,19.88057252166396,0.61881160831499
32,3,20.500919957590767,0.6608893006828435
32,4,24.804551908380503,0.9105245150009093
32,5,18.35519385499639,0.43213181514946664
32,6,24.532523046057527,0.6514597326273709
32,7,14.807940330423767,0.26155896061025197
32,8,24.38331867553236,0.7198654890126212
32,9,13.60291671005155,0.5053510805654506
32,10,17.971041282372077,0.4175646588912107
32,11,19.98374244595446,0.3932194866527698
32,12,17.718630010071735,0.3444452385112178
32,13,22.34797192935241,0.7674939480217137
32,14,25.096104035352667,0.6085759180220657
32,15,19.983272895632656,0.559199173355947
32,16,21.470151847940045,0.5558567108544212
32,17,26.160389492101572,0.7532146522739552
32,18,24.484739564333225,0.7828652142864783
32,19,21.265477279999477,0.6835837809642216
32,20,27.197611514260963,0.7778032848139621
33,1,18.12923196928728,0.3258528021309025
33,2,20.487007897812653,0.6064353761486903
33,3,20.942802914315603,0.44188295672483474
33,4,25.696865933081394,0.892314024700891
33,5,18.792336187455223,0.4371423324588323
33,6,25.17095358403235,0.6384305379748234
33,7,15.01525828020797,0.2073179497842032
33,8,25.08878685476473,0.7054681792323687
33,9,14.098160769005693,0.49524405895414164
33,10,18.526760608062077,0.5557193256899992
33,11,20.369097542874172,0.38535509691971437
33,12,18.05618634381273,0.3375563337409934
33,13,23.075427735550356,0.7274558061979465
33,14,25.760884211097846,0.664780175745178
33,15,20.544895948894276,0.56162305326162
33,16,22.014891424577378,0.5447395766373327
33,17,26.89853985133005,0.7381503592284762
33,18,25.251947474333974,0.7672079100007487
33,19,21.935389385344415,0.6699121053449372
33,20,27.959858733378645,0.7622472191176829
34,1,18.448567715375564,0.31933574608828447
34,2,21.08131456643837,0.5943066686257165
34,3,21.37584821190594,0.43304529759033805
34,4,26.57133367728827,0.8744677442068732
34,5,19.22073567326488,0.42839948580965564
34,6,25.796615511247676,0.6256619272153269
34,7,15.21842987099649,0.20317159078851912
34,8,25.780145670412452,0.6913588156477213
34,9,14.583499946780751,0.4853391777750588
34,10,19.071365547238276,0.5446049391761991
34,11,20.970913768386485,0.6018162255123128
34,12,18.386991550878903,0.33080520706617356
34,13,23.788334425624342,0.7129066900739875
34,14,26.185849876110826,0.42496566501298066
34,15,21.095286541090662,0.5503905921963875
34,16,22.548736209681966,0.5338447851045861
34,17,27.621927203373957,0.7233873520439066
34,18,26.04027223597163,0.7883247616376577
34,19,22.591903248582454,0.6565138632380384
34,20,28.706861008113975,0.7470022747353292
35,1,18.761516746542082,0.3129490311665188
35,2,21.66373510169157,0.5824205352532021
35,3,21.800232603544472,0.4243843916385313
35,4,27.428312066611007,0.8569783893227357
35,5,19.96778858564878,0.7470529123839009
35,6,26.409764199918698,0.6131486886710203
35,7,15.676352379038178,0.457922508041689
35,8,26.405649830761128,0.6255041603486743
35,9,14.879308260196026,0.29580831341527497
35,10,19.60507838763095,0.5337128403926751
35,11,21.560693669388552,0.5897799010020666
35,12,18.910030134463724,0.5230385835848216
35,13,24.48698298189685,0.6986485562725078
35,14,26.602316227823547,0.41646635171272106
35,15,21.63466932144312,0.5393827803524598
35,16,23.01600407503063,0.46726786534866227
35,17,28.330846808376986,0.7089196050030284
35,18,26.812830502376535,0.7725582664049045
35,19,23.235286834555733,0.6433835859732776
35,20,29.472633836229953,0.7657728281159762
36,1,19.154885006128733,0.3933682595866507
36,2,22.23450722623971,0.5707721245481381
36,3,22.216129307350233,0.41589670380576066
36,4,28.268150888147286,0.839838821536281
36,5,20.699900439785004,0.7321118541362229
36,6,27.119681453235895,0.709917253317197
36,7,16.125116436919033,0.4487640578808552
36,8,27.017427472891224,0.6117776421300978
36,9,15.354940654415584,0.4756323942195576
36,10,20.117656199544076,0.5125778119131251
36,11,22.138677972370576,0.5779843029820252
36,12,19.412356390138587,0.5023262556748627
36,13,25.239127050958132,0.7521440690612794
36,14,27.010453252502014,0.40813702467846663
36,15,22.16326444618853,0.5285951247454106
36,16,23.539171964433123,0.5231678894024944
36,17,29.025588021279955,0.6947412129029679
36,18,27.67113375637379,0.8583032539972553
36,19,23.865802748809546,0.630515914253812
36,20,30.22309120778361,0.7504573715536567
37,1,19.364313915513574,0.20942890938484063
37,2,22.793863908296885,0.5593566820571753
37,3,22.62370807707988,0.40757876972964546
37,4,29.09119293325284,0.8230420451055553
37,5,21.417370056838504,0.7174696170534984
37,6,27.81540036148675,0.695718908250853
37,7,16.56490521364227,0.43978877672323813
37,8,27.61696956217872,0.5995420892874959
37,9,16.04638241468553,0.6914417602699493
37,10,20.526869565257464,0.40921336571338646
37,11,22.70510258929296,0.5664246169223847
37,12,19.89305929392704,0.48070290378845115
37,13,25.976228238638186,0.7371011876800538
37,14,27.41042753668691,0.3999742841848973
37,15,22.681287668439033,0.5180232222505023
37,16,24.05187649604757,0.5127045316144445
37,17,29.616583020452932,0.5909949991729785
37,18,28.512270945291103,0.8411371889173102
37,19,24.483708344778282,0.6179055959687357
37,20,30.958539431906196,0.7354482241225835
38,1,20.018584444499137,0.654270528985564
38,2,23.342033456712915,0.5481695484160317
38,3,23.432907867222614,0.8091997901427341
38,4,29.94275622968407,0.8515632964312275
38,5,22.120490281550932,0.7031202247124284
38,6,28.497204891572583,0.681804530085836
38,7,16.995898214831044,0.4309930011887734
38,8,28.204520809680467,0.5875512475017459
38,9,16.651738490545203,0.6053560758596714
38,10,20.92789866365658,0.4010290983991187
38,11,23.130802889357312,0.42570030006435194
38,12,20.36414813963972,0.4710888457126821
38,13,26.698587402564637,0.7223591639264527
38,14,27.80240233518811,0.3919747985011993
38,15,23.229302858327863,0.5480151898888281
38,16,24.554326937029725,0.5024504409821556
38,17,30.195758119642452,0.5791750991895189
38,18,29.336585390430066,0.8243144451389639
38,19,25.089255828827643,0.605547484049361
38,20,31.67927869154633,0.7207392596401317
39,1,20.67446957114232,0.655885126643184
39,2,23.879239614160625,0.537206157447711
39,3,24.225923661562494,0.7930157943398795
39,4,30.777288260186673,0.8345320305026029
39,5,22.809548101769114,0.6890578202181799
39,6,29.165373331056703,0.6681684394841192
39,7,17.41827135599604,0.4223731411649979
39,8,28.780321032232177,0.575800222551711
39,9,17.24498744488768,0.593248954342478
39,10,21.32090718008772,0.3930085164311363
39,11,23.547989183420377,0.4171862940630649
39,12,20.825815208438147,0.46166706879842845
39,13,27.406499383212562,0.7079119806479236
39,14,28.53421498662872,0.7318126514406101
39,15,23.731088434817643,0.5017855764897798
39,16,24.968252615371423,0.41392567834169797
39,17,30.76334971684818,0.5675915972057285
39,18,30.09369249150687,0.7571071010768065
39,19,25.682692363196015,0.5934365343683737
39,20,32.38560316599366,0.7063244744473292
40,1,21.317236995252642,0.6427674241103203
40,2,24.40570164845938,0.5264620342987568
40,3,25.003079140015576,0.7771554784530819
40,4,31.595129650079222,0.8178413898925508
40,5,23.48482476558293,0.6752766638138162
40,6,29.82017840175114,0.6548050706944368
40,7,17.910672788158553,0.49240143216251253
40,8,29.344605250332854,0.5642842181006769
40,9,17.82637142014331,0.5813839752556285
40,10,21.813186910649083,0.4922797305613654
40,11,23.95683175160218,0.4088425681818036
40,12,21.278248935860606,0.45243372742245985
40,13,28.100253124247526,0.6937537410349651
40,14,29.251391385040517,0.7171763984117979
40,15,24.182760944361004,0.45167250954335986
40,16,25.16736077434417,0.19910815897274875
40,17,31.319589482109794,0.5562397652616139
40,18,30.901520647743055,0.8078281562361846
40,19,26.264260166877023,0.5815678036810062
40,20,33.07780115095204,0.6921979849583826
41,1,21.947149070880755,0.6299120756281139
41,2,24.92163444207216,0.5159327936127817
41,3,25.764691508899595,0.7616123688840202
41,4,32.39661421217392,0.8014845620946998
41,5,24.14659589612047,0.6617711305375399
41,6,30.461887371031686,0.6417089692805481
41,7,18.393226191677815,0.4825534035192623
41,8,29.897603784071517,0.5529985337386634
41,9,18.396127715893826,0.5697562957505159
41,10,22.295621046599223,0.4824341359501381
41,11,24.35749746842035,0.4006657168181675
41,12,21.721633988734617,0.44338505287401064
41,13,28.78013179046179,0.6798786662142658
41,14,30.026088231257923,0.7746968462174066
41,15,24.625400003713498,0.44263905935249265
41,16,25.362486770137465,0.19512599579329376
41,17,31.864704452066174,0.5451149699563816
41,18,31.693192240854515,0.791671593111461
41,19,26.83419661448441,0.5699364476073862
41,20,33.80986338019267,0.7320622292406226
42,1,22.564462904996308,0.6173138341155516
42,2,25.359636125128347,0.43800168305618603
42,3,26.511071630405937,0.7463801215063398
42,4,33.182069083026725,0.7854548708528057
42,5,24.79513160404726,0.648535707926789
42,6,31.090762160926623,0.6288747898949372
42,7,18.86612852712669,0.47290233544887705
42,8,30.439542347135408,0.5419385630638901
42,9,19.009121793035526,0.6129940771417008
42,10,22.76840649983036,0.47278545323113536
42,11,24.750149870902153,0.3926524024818041
42,12,22.156151340551148,0.4345173518165304
42,13,29.446412883351773,0.6662810928899805
42,14,30.78529114055098,0.7592029092930584
42,15,25.117149868673483,0.49174986495998424
42,16,25.768133934912328,0.405647164774864
42,17,32.48314663361591,0.6184421815497326
42,18,32.46903040210375,0.7758381612492318
42,19,27.244229198525645,0.41003258404123555
42,20,34.42694151378748,0.6170781335948168
43,1,23.16943046242955,0.6049675574332406
43,2,25.78887777452341,0.4292416493950623
43,3,27.24252414948215,0.731452519076213
43,4,33.95181485646248,0.7697457734357496
43,5,25.21496310014072,0.41983149609346254
43,6,31.70705945502366,0.6162972940970384
43,7,19.32957281586659,0.4634442887398995
43,8,31.040276542734276,0.6007341955988669
43,9,19.686653432370292,0.6775316393347668
43,10,23.23173624399687,0.4633297441665126
43,11,25.13494922533432,0.384799354432168
43,12,22.61021448983433,0.45406314928318237
43,13,30.13108846849883,0.6846755851470576
43,14,31.529309991658177,0.7440188511071972
43,15,25.599064736334267,0.48191486766078456
43,16,26.165668156391696,0.39753422147936673
43,17,33.082324252024726,0.5991776184088171
43,18,33.22935180012799,0.7603213980242471
43,19,27.802766917180882,0.5585377186552384
43,20,35.181292371754516,0.7543508579670346
44,1,23.810615580835403,0.6411851184058528
44,2,26.20953459093057,0.42065681640716107
44,3,27.95934761817684,0.7168234686946887
44,4,34.75839606066592,0.8065812042034443
44,5,25.850528093908974,0.6355649937682533
44,6,32.31103080323876,0.6039713482150976
44,7,19.585900597264637,0.2563277813980469
44,8,31.704257549282346,0.6639810065480715
44,9,20.337354818787404,0.6507013864171101
44,10,23.66781849256844,0.43608224857156835
44,11,25.690045349918258,0.555096124583937
44,12,23.05519637613185,0.4449818862975187
44,13,30.802070541942946,0.6709820734441164
44,14,32.25844846574323,0.7291384740850533
44,15,26.13611962242532,0.5370548860910516
44,16,26.356891632269125,0.19122347587742788
44,17,33.669518318065364,0.5871940660406407
44,18,33.97446677019175,0.7451149700637621
44,19,28.350133881463016,0.5473669642821336
44,20,35.92055621256221,0.7392638408076939
45,1,24.403483787119978,0.5928682062845758
45,2,26.62177827100959,0.41224368007901785
45,3,28.661834617497632,0.702486999320795
45,4,35.5488456407853,0.7904495801193754
45,5,26.473381787801863,0.6228536938928881
45,6,32.90292272448956,0.5918919212507956
45,7,19.852512000777526,0.2666114035128906
45,8,32.34194490797111,0.6376873586887678
45,9,21.014967743851955,0.6776129250645503
45,10,24.095179096168575,0.427360603600137
45,11,26.234039552010515,0.5439942020922582
45,12,23.474009767659982,0.41881339152813424
45,13,31.525029298179266,0.7229587562363204
45,14,32.97300417034658,0.7145557046033522
45,15,26.66243341079455,0.5263137883692305
45,16,26.544290638629004,0.18739900635987933
45,17,34.24496850278519,0.5754501847198279
45,18,34.71643172924703,0.7419649590552703
45,19,28.886553506459506,0.5364196249964909
45,20,36.64503477655375,0.72447856399154
